user_id,create_date,last_update_date,total_price
341,2018-07-20 23:52:42,2018-07-20 23:52:42,131576303
455,2019-12-13 03:12:29,2019-12-13 03:12:29,938326032
591,2021-07-26 12:33:44,2021-07-26 12:33:44,443877346
3,2021-05-18 14:53:10,2021-05-18 14:53:10,230764342
880,2020-12-01 05:14:35,2020-12-01 05:14:35,678206758
339,2019-06-17 17:28:12,2019-06-17 17:28:12,292313354
710,2018-05-15 01:00:45,2018-05-15 01:00:45,709136221
97,2021-11-12 07:59:04,2021-11-12 07:59:04,322742347
93,2021-08-08 12:25:19,2021-08-08 12:25:19,674423929
26,2019-08-11 01:19:42,2019-08-11 01:19:42,292153850
529,2020-09-20 08:29:16,2020-09-20 08:29:16,809727430
27,2019-06-07 01:14:37,2019-06-07 01:14:37,165074291
557,2020-11-23 16:20:15,2020-11-23 16:20:15,510418364
898,2019-01-29 07:08:21,2019-01-29 07:08:21,775336675
8,2019-12-17 05:04:36,2019-12-17 05:04:36,842373999
409,2020-10-07 23:38:17,2020-10-07 23:38:17,389310484
461,2021-03-29 23:44:47,2021-03-29 23:44:47,396491388
568,2018-06-20 14:09:49,2018-06-20 14:09:49,720801825
484,2020-06-28 17:01:17,2020-06-28 17:01:17,468964384
311,2019-01-08 19:29:01,2019-01-08 19:29:01,382149676
762,2021-05-12 19:54:37,2021-05-12 19:54:37,312632138
351,2020-01-02 19:14:54,2020-01-02 19:14:54,587214273
821,2019-07-02 23:16:50,2019-07-02 23:16:50,754920414
995,2018-05-15 05:17:01,2018-05-15 05:17:01,191541491
970,2021-11-06 15:34:04,2021-11-06 15:34:04,485200336
789,2018-12-22 18:54:20,2018-12-22 18:54:20,467854957
210,2019-04-09 07:13:27,2019-04-09 07:13:27,558084114
769,2018-03-27 06:36:07,2018-03-27 06:36:07,988672898
948,2019-03-18 09:10:50,2019-03-18 09:10:50,24809969
276,2018-08-18 13:48:35,2018-08-18 13:48:35,395630153
800,2020-02-04 11:16:51,2020-02-04 11:16:51,361391634
202,2020-09-09 06:29:06,2020-09-09 06:29:06,718052551
119,2020-01-01 22:41:39,2020-01-01 22:41:39,62462090
118,2018-09-08 21:47:45,2018-09-08 21:47:45,694360748
125,2021-08-07 01:10:02,2021-08-07 01:10:02,480557372
512,2018-04-06 02:04:54,2018-04-06 02:04:54,228151441
755,2018-02-23 14:01:19,2018-02-23 14:01:19,237070936
579,2018-04-20 04:42:08,2018-04-20 04:42:08,933903090
171,2019-01-08 14:59:14,2019-01-08 14:59:14,886810303
512,2018-05-14 05:34:44,2018-05-14 05:34:44,376501030
70,2020-10-12 05:47:34,2020-10-12 05:47:34,533834025
115,2019-01-20 23:28:00,2019-01-20 23:28:00,196092963
583,2020-03-06 14:13:01,2020-03-06 14:13:01,58730563
956,2018-04-22 10:59:33,2018-04-22 10:59:33,689565637
378,2019-09-08 20:33:01,2019-09-08 20:33:01,106701632
713,2021-12-14 03:53:25,2021-12-14 03:53:25,972113870
39,2020-06-02 02:15:36,2020-06-02 02:15:36,701581777
284,2020-10-01 20:32:43,2020-10-01 20:32:43,923183321
438,2020-02-07 03:41:18,2020-02-07 03:41:18,284551298
470,2020-11-13 20:04:59,2020-11-13 20:04:59,40726311
105,2019-06-28 22:27:35,2019-06-28 22:27:35,721285046
991,2018-07-16 14:27:31,2018-07-16 14:27:31,576156265
657,2022-02-04 08:36:10,2022-02-04 08:36:10,803167746
939,2020-04-25 02:11:22,2020-04-25 02:11:22,638572687
38,2019-06-28 01:21:39,2019-06-28 01:21:39,131303617
227,2021-04-19 08:37:59,2021-04-19 08:37:59,122590051
146,2018-09-26 09:04:29,2018-09-26 09:04:29,243977706
488,2019-01-07 00:42:17,2019-01-07 00:42:17,329125333
292,2019-03-04 17:05:31,2019-03-04 17:05:31,821572034
990,2020-10-01 15:48:39,2020-10-01 15:48:39,715357778
625,2018-06-18 23:24:39,2018-06-18 23:24:39,987863481
408,2020-12-11 21:55:08,2020-12-11 21:55:08,680442363
811,2020-12-30 20:07:47,2020-12-30 20:07:47,192929823
749,2020-02-07 00:56:16,2020-02-07 00:56:16,579786058
151,2020-04-23 10:20:32,2020-04-23 10:20:32,186443575
69,2019-06-04 23:27:15,2019-06-04 23:27:15,688048559
6,2021-01-03 03:18:53,2021-01-03 03:18:53,142565907
630,2020-02-24 12:54:49,2020-02-24 12:54:49,683973091
30,2018-08-21 08:05:23,2018-08-21 08:05:23,370064397
664,2018-01-05 16:14:25,2018-01-05 16:14:25,669887410
576,2018-04-23 23:15:18,2018-04-23 23:15:18,62453742
742,2019-04-20 10:52:41,2019-04-20 10:52:41,610509548
739,2020-12-04 03:41:16,2020-12-04 03:41:16,669235984
909,2018-11-30 02:26:29,2018-11-30 02:26:29,183644240
511,2021-01-06 10:47:00,2021-01-06 10:47:00,645252109
812,2022-01-31 08:09:35,2022-01-31 08:09:35,603138923
260,2021-02-10 20:37:07,2021-02-10 20:37:07,419694523
584,2021-11-20 19:21:01,2021-11-20 19:21:01,738927839
589,2020-12-04 11:21:13,2020-12-04 11:21:13,600640987
355,2018-01-05 08:24:26,2018-01-05 08:24:26,923701986
768,2020-02-21 00:07:13,2020-02-21 00:07:13,341081360
476,2019-07-16 20:50:27,2019-07-16 20:50:27,880549916
905,2020-05-27 20:18:24,2020-05-27 20:18:24,867690247
724,2021-06-10 09:42:38,2021-06-10 09:42:38,202108496
771,2020-12-25 19:32:14,2020-12-25 19:32:14,201543759
45,2019-01-14 08:29:41,2019-01-14 08:29:41,63295302
288,2021-04-10 14:22:53,2021-04-10 14:22:53,43549152
628,2018-08-30 05:15:24,2018-08-30 05:15:24,732391845
163,2018-09-27 11:14:41,2018-09-27 11:14:41,133794508
611,2019-03-25 15:03:13,2019-03-25 15:03:13,289248443
289,2021-06-05 21:38:01,2021-06-05 21:38:01,662217676
968,2021-11-25 15:29:05,2021-11-25 15:29:05,426244453
684,2021-02-06 18:16:30,2021-02-06 18:16:30,234146388
717,2019-04-18 02:17:35,2019-04-18 02:17:35,979738132
744,2018-06-01 06:33:18,2018-06-01 06:33:18,959101605
510,2019-10-19 13:32:56,2019-10-19 13:32:56,101246623
56,2019-12-24 14:52:36,2019-12-24 14:52:36,746898460
127,2018-10-15 10:58:21,2018-10-15 10:58:21,626568377
957,2019-02-06 14:55:06,2019-02-06 14:55:06,396047870
742,2019-11-05 10:06:39,2019-11-05 10:06:39,462245106
263,2019-09-17 07:22:26,2019-09-17 07:22:26,925597724
7,2019-11-15 05:29:33,2019-11-15 05:29:33,419971671
740,2018-05-08 11:30:53,2018-05-08 11:30:53,814363872
732,2019-04-24 07:40:10,2019-04-24 07:40:10,386361045
188,2020-05-31 06:01:13,2020-05-31 06:01:13,582691188
390,2020-12-02 04:19:55,2020-12-02 04:19:55,651134594
829,2020-12-01 11:16:12,2020-12-01 11:16:12,588634585
948,2021-09-01 18:01:37,2021-09-01 18:01:37,41983431
48,2019-02-02 04:50:38,2019-02-02 04:50:38,996922432
298,2020-04-26 19:55:38,2020-04-26 19:55:38,286541341
100,2020-04-23 15:49:43,2020-04-23 15:49:43,797486093
644,2021-04-21 00:16:25,2021-04-21 00:16:25,565737862
995,2020-09-19 06:06:39,2020-09-19 06:06:39,186068085
492,2019-06-28 06:00:37,2019-06-28 06:00:37,198298101
439,2022-02-11 15:36:22,2022-02-11 15:36:22,84137881
849,2019-11-19 10:09:28,2019-11-19 10:09:28,151883018
243,2021-08-22 23:53:41,2021-08-22 23:53:41,685700575
500,2020-11-29 09:33:28,2020-11-29 09:33:28,390741943
237,2022-01-26 14:28:41,2022-01-26 14:28:41,771039310
727,2020-10-21 21:17:04,2020-10-21 21:17:04,456196532
929,2021-01-12 15:07:04,2021-01-12 15:07:04,806032169
341,2021-07-17 06:37:42,2021-07-17 06:37:42,965654967
323,2019-09-18 05:15:57,2019-09-18 05:15:57,381875107
581,2019-03-14 22:49:20,2019-03-14 22:49:20,303927835
770,2021-04-19 15:00:00,2021-04-19 15:00:00,205689958
312,2018-08-25 07:33:28,2018-08-25 07:33:28,890360266
967,2020-09-02 03:14:31,2020-09-02 03:14:31,61665435
893,2019-12-17 23:00:01,2019-12-17 23:00:01,898634863
666,2019-08-30 05:39:38,2019-08-30 05:39:38,26680043
575,2019-01-02 14:50:41,2019-01-02 14:50:41,209188998
926,2022-02-03 03:11:40,2022-02-03 03:11:40,357376011
503,2019-02-11 07:09:03,2019-02-11 07:09:03,533831831
911,2021-09-04 14:03:55,2021-09-04 14:03:55,505568987
906,2021-02-02 06:29:04,2021-02-02 06:29:04,852277698
934,2022-01-04 23:20:00,2022-01-04 23:20:00,320245624
606,2019-11-22 19:06:41,2019-11-22 19:06:41,576576260
654,2018-03-05 22:41:29,2018-03-05 22:41:29,825250274
419,2018-11-25 18:56:23,2018-11-25 18:56:23,515318511
125,2021-07-04 04:59:55,2021-07-04 04:59:55,575208696
732,2019-05-07 17:18:05,2019-05-07 17:18:05,577087971
714,2021-03-06 12:53:21,2021-03-06 12:53:21,529084701
158,2022-01-18 23:48:46,2022-01-18 23:48:46,910372402
370,2020-12-23 03:38:16,2020-12-23 03:38:16,260358317
834,2019-09-29 21:04:05,2019-09-29 21:04:05,523601162
800,2021-04-30 15:44:45,2021-04-30 15:44:45,651722059
619,2021-08-12 13:34:49,2021-08-12 13:34:49,690255623
825,2020-12-09 17:56:45,2020-12-09 17:56:45,121867399
906,2018-01-27 12:04:43,2018-01-27 12:04:43,126368976
905,2021-09-05 09:01:52,2021-09-05 09:01:52,608065083
439,2021-06-05 05:45:28,2021-06-05 05:45:28,531694152
446,2021-08-09 17:30:30,2021-08-09 17:30:30,438414820
102,2018-04-04 23:21:52,2018-04-04 23:21:52,652114370
936,2020-10-31 20:04:10,2020-10-31 20:04:10,939621677
39,2019-05-06 11:06:22,2019-05-06 11:06:22,919201756
486,2019-01-29 08:34:18,2019-01-29 08:34:18,690619964
458,2020-07-02 21:36:21,2020-07-02 21:36:21,181716575
448,2020-02-01 07:30:41,2020-02-01 07:30:41,752740368
713,2021-07-02 04:42:58,2021-07-02 04:42:58,856538586
614,2021-01-12 23:09:53,2021-01-12 23:09:53,592169648
893,2020-11-14 14:20:17,2020-11-14 14:20:17,129173765
839,2019-07-17 18:03:03,2019-07-17 18:03:03,45315816
75,2019-09-12 15:40:27,2019-09-12 15:40:27,795688342
748,2019-10-18 06:09:32,2019-10-18 06:09:32,932714181
75,2020-12-13 16:29:27,2020-12-13 16:29:27,924151562
589,2021-07-17 12:33:23,2021-07-17 12:33:23,606088857
49,2019-02-14 07:30:38,2019-02-14 07:30:38,919105920
374,2021-10-09 08:11:23,2021-10-09 08:11:23,291093603
228,2018-04-18 17:28:58,2018-04-18 17:28:58,881350484
863,2019-11-30 04:48:42,2019-11-30 04:48:42,332701885
449,2022-01-13 09:55:57,2022-01-13 09:55:57,433892436
978,2021-01-30 23:20:07,2021-01-30 23:20:07,968062955
730,2020-04-26 22:58:19,2020-04-26 22:58:19,896114372
323,2020-11-12 09:56:48,2020-11-12 09:56:48,897739620
488,2021-11-11 09:39:26,2021-11-11 09:39:26,499048714
442,2018-06-03 20:43:52,2018-06-03 20:43:52,493236288
330,2021-12-26 06:26:50,2021-12-26 06:26:50,400833892
725,2021-09-02 16:35:32,2021-09-02 16:35:32,917846901
518,2019-05-11 15:32:32,2019-05-11 15:32:32,400267598
18,2022-02-14 02:19:08,2022-02-14 02:19:08,617929174
670,2020-01-12 10:47:02,2020-01-12 10:47:02,630790867
837,2019-10-14 00:21:36,2019-10-14 00:21:36,243022481
336,2020-05-12 09:25:22,2020-05-12 09:25:22,353123783
880,2019-10-06 21:53:27,2019-10-06 21:53:27,856271944
315,2020-02-19 02:13:06,2020-02-19 02:13:06,646012222
696,2020-04-19 09:18:43,2020-04-19 09:18:43,830318197
636,2021-09-05 00:25:28,2021-09-05 00:25:28,714038246
129,2021-08-05 14:17:54,2021-08-05 14:17:54,893788477
258,2018-07-28 18:12:50,2018-07-28 18:12:50,9603661
538,2020-11-15 00:32:42,2020-11-15 00:32:42,867671387
68,2019-02-18 12:45:19,2019-02-18 12:45:19,406343848
563,2021-05-15 12:12:05,2021-05-15 12:12:05,863395287
858,2021-09-14 15:08:13,2021-09-14 15:08:13,893867898
268,2021-10-01 10:48:01,2021-10-01 10:48:01,516801714
970,2020-07-17 18:06:44,2020-07-17 18:06:44,956924803
165,2019-03-28 15:34:17,2019-03-28 15:34:17,167461603
111,2018-01-01 18:19:51,2018-01-01 18:19:51,391968218
389,2021-08-09 13:02:31,2021-08-09 13:02:31,291229693
515,2019-03-01 02:23:21,2019-03-01 02:23:21,505928759
253,2020-02-19 10:44:02,2020-02-19 10:44:02,128707890
243,2018-12-07 06:05:12,2018-12-07 06:05:12,200003084
206,2018-08-05 03:59:17,2018-08-05 03:59:17,510487986
600,2019-06-01 01:29:13,2019-06-01 01:29:13,224580924
10,2021-03-26 21:02:18,2021-03-26 21:02:18,673654155
209,2021-09-14 12:17:39,2021-09-14 12:17:39,256766973
59,2018-06-29 05:54:40,2018-06-29 05:54:40,591855617
251,2020-06-20 06:57:49,2020-06-20 06:57:49,657028790
371,2021-07-29 22:48:33,2021-07-29 22:48:33,153402947
252,2020-04-15 04:12:50,2020-04-15 04:12:50,794975589
482,2019-06-20 01:01:03,2019-06-20 01:01:03,415382496
516,2019-07-07 11:56:27,2019-07-07 11:56:27,384821381
371,2019-08-01 23:39:11,2019-08-01 23:39:11,11596197
786,2018-12-10 07:05:06,2018-12-10 07:05:06,52576101
570,2019-01-19 14:44:13,2019-01-19 14:44:13,538677208
32,2021-11-27 17:37:21,2021-11-27 17:37:21,332868564
379,2019-06-15 09:21:51,2019-06-15 09:21:51,87437896
779,2019-07-06 20:28:58,2019-07-06 20:28:58,785980795
474,2018-03-18 04:46:14,2018-03-18 04:46:14,511714572
594,2021-08-09 16:31:42,2021-08-09 16:31:42,915888875
815,2020-11-24 05:53:19,2020-11-24 05:53:19,75030211
698,2019-12-15 20:11:26,2019-12-15 20:11:26,541141101
387,2021-06-18 03:11:25,2021-06-18 03:11:25,447772250
456,2019-10-25 00:13:56,2019-10-25 00:13:56,769771786
124,2021-06-21 07:22:33,2021-06-21 07:22:33,474796482
660,2020-07-08 09:45:31,2020-07-08 09:45:31,933334554
879,2019-10-04 07:16:23,2019-10-04 07:16:23,62043029
258,2018-10-23 03:38:59,2018-10-23 03:38:59,204722090
539,2021-05-09 16:51:22,2021-05-09 16:51:22,162055915
346,2018-09-26 03:21:48,2018-09-26 03:21:48,129986372
601,2018-05-14 05:28:55,2018-05-14 05:28:55,166806096
471,2020-08-25 17:43:54,2020-08-25 17:43:54,519954956
367,2019-10-30 10:10:01,2019-10-30 10:10:01,354378087
699,2020-05-25 06:17:05,2020-05-25 06:17:05,118640673
304,2021-10-01 18:41:54,2021-10-01 18:41:54,577931493
378,2018-07-08 18:27:47,2018-07-08 18:27:47,807933138
181,2020-10-31 16:07:51,2020-10-31 16:07:51,978893830
338,2021-08-13 20:28:08,2021-08-13 20:28:08,540114065
391,2018-08-17 20:26:28,2018-08-17 20:26:28,373362114
710,2018-12-01 21:26:30,2018-12-01 21:26:30,588122848
549,2022-01-17 10:16:03,2022-01-17 10:16:03,234208087
462,2021-07-06 02:02:52,2021-07-06 02:02:52,546524006
447,2021-12-03 18:23:06,2021-12-03 18:23:06,789165306
623,2019-04-07 08:29:01,2019-04-07 08:29:01,5584960
163,2018-04-29 10:56:31,2018-04-29 10:56:31,36780017
756,2018-08-24 08:01:52,2018-08-24 08:01:52,459091700
406,2018-02-18 12:17:15,2018-02-18 12:17:15,180605083
106,2021-12-18 12:42:27,2021-12-18 12:42:27,867045793
369,2019-11-07 00:11:51,2019-11-07 00:11:51,212787178
926,2021-01-16 01:55:52,2021-01-16 01:55:52,257189385
120,2018-11-15 01:27:20,2018-11-15 01:27:20,105933930
965,2021-01-31 14:18:20,2021-01-31 14:18:20,916241281
518,2019-05-11 02:50:27,2019-05-11 02:50:27,471001089
656,2020-06-16 20:48:06,2020-06-16 20:48:06,29940857
243,2018-11-05 23:36:16,2018-11-05 23:36:16,291805594
880,2020-11-20 06:28:25,2020-11-20 06:28:25,453731473
835,2019-04-13 09:12:17,2019-04-13 09:12:17,568399953
468,2020-02-27 10:57:42,2020-02-27 10:57:42,325008876
15,2019-04-07 14:47:34,2019-04-07 14:47:34,87047603
605,2019-05-29 14:03:59,2019-05-29 14:03:59,905302512
7,2019-05-13 14:30:08,2019-05-13 14:30:08,296152593
247,2019-12-29 02:15:05,2019-12-29 02:15:05,348093691
204,2018-12-16 17:53:50,2018-12-16 17:53:50,245999491
940,2021-09-05 06:29:29,2021-09-05 06:29:29,558410358
646,2020-07-20 18:38:32,2020-07-20 18:38:32,496034621
705,2021-10-18 14:22:08,2021-10-18 14:22:08,642632421
471,2021-10-11 04:11:13,2021-10-11 04:11:13,674109198
89,2020-09-23 07:36:32,2020-09-23 07:36:32,251198754
44,2019-02-23 18:50:06,2019-02-23 18:50:06,329779810
223,2018-09-23 00:20:11,2018-09-23 00:20:11,437357341
299,2018-09-09 15:42:56,2018-09-09 15:42:56,951860212
289,2020-03-29 13:18:59,2020-03-29 13:18:59,434511402
816,2018-05-09 20:25:17,2018-05-09 20:25:17,454066711
677,2018-08-05 18:30:57,2018-08-05 18:30:57,557716119
446,2021-05-25 00:30:03,2021-05-25 00:30:03,489084876
859,2019-03-05 00:49:58,2019-03-05 00:49:58,135752829
122,2021-01-26 06:32:59,2021-01-26 06:32:59,707430539
269,2021-02-22 19:15:46,2021-02-22 19:15:46,55471848
481,2019-12-31 17:49:03,2019-12-31 17:49:03,92140144
752,2020-05-24 11:53:28,2020-05-24 11:53:28,582985163
911,2022-01-02 03:12:16,2022-01-02 03:12:16,2153203
462,2020-10-05 19:28:58,2020-10-05 19:28:58,709490494
530,2019-07-31 08:35:18,2019-07-31 08:35:18,167272490
574,2018-08-22 08:22:06,2018-08-22 08:22:06,116805305
538,2020-09-25 22:54:19,2020-09-25 22:54:19,274820764
487,2018-09-24 00:19:56,2018-09-24 00:19:56,96612075
798,2018-04-17 03:31:37,2018-04-17 03:31:37,271869526
739,2019-09-03 01:36:11,2019-09-03 01:36:11,851382737
574,2018-10-15 16:48:32,2018-10-15 16:48:32,737143697
235,2018-03-07 01:19:43,2018-03-07 01:19:43,838335545
774,2020-06-21 23:34:09,2020-06-21 23:34:09,845929446
10,2018-10-27 23:43:05,2018-10-27 23:43:05,283981710
158,2018-02-09 07:10:50,2018-02-09 07:10:50,777567858
326,2021-11-25 10:36:45,2021-11-25 10:36:45,51166943
282,2020-04-29 12:43:18,2020-04-29 12:43:18,682753723
229,2020-02-29 10:24:41,2020-02-29 10:24:41,577281904
531,2021-05-29 20:39:07,2021-05-29 20:39:07,887606251
204,2020-07-08 05:51:40,2020-07-08 05:51:40,61767558
136,2020-06-22 00:56:33,2020-06-22 00:56:33,914822636
23,2019-11-09 02:30:19,2019-11-09 02:30:19,455651051
697,2022-01-19 00:34:35,2022-01-19 00:34:35,709539478
249,2018-12-03 09:36:08,2018-12-03 09:36:08,723045611
959,2018-08-13 10:53:26,2018-08-13 10:53:26,603173165
810,2021-07-18 17:42:28,2021-07-18 17:42:28,209947867
63,2021-08-21 16:22:12,2021-08-21 16:22:12,790750744
762,2020-02-29 12:57:31,2020-02-29 12:57:31,705379145
355,2018-08-02 15:08:26,2018-08-02 15:08:26,447675864
773,2021-06-27 05:07:35,2021-06-27 05:07:35,720648908
560,2020-11-07 13:33:37,2020-11-07 13:33:37,777961562
547,2020-11-02 13:08:17,2020-11-02 13:08:17,376221003
582,2018-06-03 19:04:40,2018-06-03 19:04:40,868191462
498,2019-03-02 14:38:41,2019-03-02 14:38:41,84359067
567,2020-01-19 00:02:01,2020-01-19 00:02:01,724581736
169,2020-06-27 00:54:27,2020-06-27 00:54:27,91424380
911,2021-08-06 04:52:12,2021-08-06 04:52:12,20163556
448,2019-04-29 00:34:41,2019-04-29 00:34:41,162167440
506,2018-02-23 06:24:16,2018-02-23 06:24:16,125318775
281,2019-09-13 17:58:32,2019-09-13 17:58:32,169128048
94,2021-10-25 08:34:01,2021-10-25 08:34:01,322736380
921,2018-05-31 05:40:04,2018-05-31 05:40:04,127292133
399,2020-05-30 02:58:50,2020-05-30 02:58:50,584966660
565,2021-08-08 03:24:11,2021-08-08 03:24:11,557219973
768,2020-04-26 13:21:43,2020-04-26 13:21:43,127336128
624,2021-05-01 14:54:04,2021-05-01 14:54:04,118055692
941,2021-11-20 04:33:06,2021-11-20 04:33:06,807941573
968,2018-10-06 19:05:36,2018-10-06 19:05:36,548513598
667,2018-01-27 17:55:53,2018-01-27 17:55:53,838344981
833,2021-08-29 01:58:29,2021-08-29 01:58:29,370779733
26,2020-01-21 23:46:43,2020-01-21 23:46:43,126823014
814,2020-01-13 14:26:01,2020-01-13 14:26:01,121713789
197,2018-05-23 16:30:20,2018-05-23 16:30:20,542988529
148,2021-06-07 04:52:05,2021-06-07 04:52:05,622111070
132,2020-03-07 21:44:19,2020-03-07 21:44:19,246261676
824,2021-09-01 23:06:14,2021-09-01 23:06:14,135837557
310,2019-07-02 10:48:54,2019-07-02 10:48:54,394280542
132,2018-02-26 15:31:20,2018-02-26 15:31:20,974938563
136,2020-06-10 22:22:30,2020-06-10 22:22:30,469084281
607,2018-07-29 23:59:55,2018-07-29 23:59:55,475781238
519,2019-12-13 03:03:32,2019-12-13 03:03:32,410596223
97,2021-06-21 09:54:12,2021-06-21 09:54:12,141601872
729,2018-07-08 23:44:11,2018-07-08 23:44:11,950535642
855,2018-02-03 05:55:50,2018-02-03 05:55:50,329412418
398,2021-09-17 03:46:34,2021-09-17 03:46:34,794908640
180,2018-02-23 15:22:05,2018-02-23 15:22:05,736064579
126,2019-04-26 09:13:47,2019-04-26 09:13:47,743981572
168,2020-12-31 12:55:21,2020-12-31 12:55:21,325913064
27,2018-09-26 11:34:45,2018-09-26 11:34:45,79841443
575,2021-06-12 11:58:46,2021-06-12 11:58:46,563328770
454,2018-03-13 16:41:26,2018-03-13 16:41:26,480013659
576,2019-01-10 12:55:36,2019-01-10 12:55:36,108470797
974,2019-07-23 01:04:01,2019-07-23 01:04:01,676091164
870,2021-06-11 23:41:24,2021-06-11 23:41:24,227997567
68,2020-12-09 22:53:48,2020-12-09 22:53:48,825253825
596,2020-04-15 03:53:42,2020-04-15 03:53:42,209673228
145,2018-07-31 22:12:58,2018-07-31 22:12:58,303169846
646,2020-08-14 07:40:33,2020-08-14 07:40:33,103857831
397,2019-11-19 23:52:49,2019-11-19 23:52:49,801750730
764,2018-06-10 07:33:24,2018-06-10 07:33:24,808054032
44,2021-01-27 13:01:38,2021-01-27 13:01:38,750880194
710,2019-03-26 10:04:40,2019-03-26 10:04:40,203780012
753,2021-10-11 18:58:58,2021-10-11 18:58:58,824875510
687,2019-11-12 09:23:57,2019-11-12 09:23:57,858180719
155,2021-10-21 01:34:42,2021-10-21 01:34:42,157933672
92,2022-01-19 01:30:37,2022-01-19 01:30:37,741075624
362,2020-04-28 15:59:48,2020-04-28 15:59:48,214464215
738,2019-07-19 14:49:16,2019-07-19 14:49:16,235895695
639,2021-08-06 23:30:46,2021-08-06 23:30:46,205884407
347,2018-06-22 08:38:05,2018-06-22 08:38:05,43905100
521,2018-02-27 13:16:43,2018-02-27 13:16:43,445843887
104,2021-11-20 23:35:17,2021-11-20 23:35:17,847603881
472,2020-09-02 06:57:34,2020-09-02 06:57:34,254895079
719,2021-04-18 16:55:41,2021-04-18 16:55:41,553158770
383,2018-10-28 03:45:59,2018-10-28 03:45:59,272639430
351,2018-02-12 16:47:58,2018-02-12 16:47:58,320241848
927,2019-01-18 09:06:13,2019-01-18 09:06:13,752794239
615,2021-08-29 09:32:20,2021-08-29 09:32:20,3861440
461,2019-09-20 21:54:13,2019-09-20 21:54:13,737540616
114,2018-04-18 14:21:39,2018-04-18 14:21:39,31166303
784,2020-01-07 09:21:59,2020-01-07 09:21:59,927719840
325,2018-06-23 21:31:58,2018-06-23 21:31:58,386922065
352,2020-03-20 11:24:33,2020-03-20 11:24:33,34576066
680,2019-06-20 00:16:55,2019-06-20 00:16:55,137439698
615,2018-02-03 18:18:39,2018-02-03 18:18:39,134306992
492,2019-12-22 09:35:36,2019-12-22 09:35:36,760914332
181,2018-08-04 03:37:41,2018-08-04 03:37:41,211733768
60,2018-04-02 09:35:07,2018-04-02 09:35:07,564573132
728,2020-10-13 21:18:04,2020-10-13 21:18:04,495350469
311,2018-07-03 21:42:05,2018-07-03 21:42:05,78024136
304,2019-07-20 07:49:34,2019-07-20 07:49:34,931968456
892,2019-12-18 03:08:41,2019-12-18 03:08:41,145453931
125,2021-05-09 21:47:27,2021-05-09 21:47:27,966423024
471,2021-03-21 15:32:09,2021-03-21 15:32:09,146663586
521,2018-10-09 07:54:00,2018-10-09 07:54:00,656614551
656,2018-03-03 09:25:52,2018-03-03 09:25:52,39887574
634,2020-03-10 16:39:51,2020-03-10 16:39:51,99893985
387,2020-10-18 16:39:33,2020-10-18 16:39:33,169506350
482,2020-06-27 12:50:54,2020-06-27 12:50:54,23045921
222,2018-03-16 00:30:45,2018-03-16 00:30:45,111148851
408,2019-04-26 13:54:25,2019-04-26 13:54:25,842429237
588,2019-04-22 17:44:02,2019-04-22 17:44:02,379698959
335,2019-08-28 18:08:00,2019-08-28 18:08:00,454773709
650,2019-05-16 02:58:07,2019-05-16 02:58:07,16558941
267,2018-04-18 20:06:44,2018-04-18 20:06:44,444442384
856,2018-04-10 22:08:14,2018-04-10 22:08:14,58066325
410,2021-08-22 22:16:38,2021-08-22 22:16:38,908175291
354,2022-01-01 01:55:29,2022-01-01 01:55:29,726444165
254,2019-08-28 02:02:36,2019-08-28 02:02:36,675888750
776,2018-01-16 01:19:42,2018-01-16 01:19:42,380406713
540,2021-12-25 12:10:32,2021-12-25 12:10:32,76505194
925,2018-02-28 06:00:59,2018-02-28 06:00:59,739193287
919,2020-06-16 03:53:43,2020-06-16 03:53:43,819814663
67,2019-11-14 11:05:33,2019-11-14 11:05:33,504372640
834,2018-04-29 07:38:45,2018-04-29 07:38:45,867219018
137,2018-09-18 21:23:36,2018-09-18 21:23:36,733635189
989,2019-07-29 02:19:28,2019-07-29 02:19:28,6069175
722,2019-10-26 17:17:36,2019-10-26 17:17:36,619236383
60,2021-01-31 21:54:45,2021-01-31 21:54:45,748611058
339,2020-05-07 03:39:26,2020-05-07 03:39:26,197758773
679,2018-01-11 04:49:29,2018-01-11 04:49:29,270847595
800,2021-01-28 12:57:49,2021-01-28 12:57:49,702057764
573,2019-03-18 03:27:27,2019-03-18 03:27:27,180969827
877,2019-09-20 02:27:09,2019-09-20 02:27:09,702551666
390,2021-04-28 19:02:34,2021-04-28 19:02:34,57881460
755,2020-09-01 10:58:54,2020-09-01 10:58:54,119832925
993,2020-10-23 19:48:49,2020-10-23 19:48:49,839432228
374,2021-12-04 03:34:21,2021-12-04 03:34:21,479972751
965,2020-04-07 18:13:54,2020-04-07 18:13:54,221296385
713,2019-01-06 18:59:23,2019-01-06 18:59:23,359064311
340,2019-08-18 07:50:14,2019-08-18 07:50:14,592597403
768,2018-02-27 06:15:18,2018-02-27 06:15:18,479630515
825,2021-03-14 22:17:24,2021-03-14 22:17:24,391718087
738,2019-11-26 21:41:22,2019-11-26 21:41:22,54190271
823,2021-03-01 00:22:47,2021-03-01 00:22:47,96651883
397,2021-07-24 21:10:19,2021-07-24 21:10:19,498972050
707,2020-11-04 21:34:42,2020-11-04 21:34:42,383725211
497,2019-11-20 04:52:57,2019-11-20 04:52:57,873109943
959,2021-09-25 20:51:12,2021-09-25 20:51:12,637110088
660,2021-02-15 14:23:10,2021-02-15 14:23:10,344024930
877,2020-01-14 01:55:07,2020-01-14 01:55:07,151530941
505,2020-07-26 00:38:42,2020-07-26 00:38:42,150183653
493,2020-06-25 04:09:55,2020-06-25 04:09:55,815670355
970,2018-06-09 05:50:02,2018-06-09 05:50:02,609758335
330,2020-09-15 09:09:24,2020-09-15 09:09:24,928241353
156,2020-02-18 10:11:33,2020-02-18 10:11:33,864335336
649,2021-09-05 04:12:15,2021-09-05 04:12:15,967754341
733,2018-04-23 05:15:59,2018-04-23 05:15:59,725415713
870,2021-02-28 03:02:02,2021-02-28 03:02:02,75146596
219,2019-04-12 07:13:53,2019-04-12 07:13:53,32518464
388,2018-12-25 23:09:11,2018-12-25 23:09:11,149271139
107,2020-10-03 12:50:55,2020-10-03 12:50:55,957194316
279,2021-08-10 10:27:54,2021-08-10 10:27:54,596273599
36,2021-09-07 22:21:59,2021-09-07 22:21:59,505928020
82,2020-05-18 23:59:16,2020-05-18 23:59:16,613131905
358,2020-04-15 14:51:11,2020-04-15 14:51:11,946281436
604,2020-03-16 23:20:38,2020-03-16 23:20:38,940563390
307,2019-05-15 23:55:39,2019-05-15 23:55:39,875838698
874,2019-10-20 16:15:35,2019-10-20 16:15:35,622801071
372,2019-03-16 10:31:33,2019-03-16 10:31:33,913626210
289,2019-09-13 00:47:04,2019-09-13 00:47:04,85001252
311,2021-02-20 03:55:30,2021-02-20 03:55:30,730423881
448,2019-11-18 10:48:28,2019-11-18 10:48:28,9844019
110,2019-10-11 01:20:58,2019-10-11 01:20:58,915269676
890,2021-01-26 13:13:35,2021-01-26 13:13:35,617125044
473,2018-01-14 11:01:10,2018-01-14 11:01:10,440211172
187,2019-07-23 06:45:25,2019-07-23 06:45:25,790945568
828,2019-03-03 18:17:45,2019-03-03 18:17:45,699106201
620,2020-11-02 20:20:21,2020-11-02 20:20:21,453967385
368,2018-05-10 00:48:54,2018-05-10 00:48:54,764885592
642,2021-07-10 17:25:07,2021-07-10 17:25:07,988326549
850,2021-10-18 12:37:19,2021-10-18 12:37:19,485287098
286,2021-08-01 14:00:14,2021-08-01 14:00:14,122670879
111,2020-08-11 04:56:08,2020-08-11 04:56:08,581282923
534,2020-12-15 02:24:09,2020-12-15 02:24:09,800397788
303,2019-12-18 11:05:46,2019-12-18 11:05:46,246528809
927,2018-04-13 13:58:23,2018-04-13 13:58:23,310694041
29,2019-03-25 22:20:01,2019-03-25 22:20:01,31267837
427,2020-09-19 22:04:17,2020-09-19 22:04:17,369994217
184,2019-06-07 16:35:00,2019-06-07 16:35:00,501541406
261,2021-05-06 06:21:10,2021-05-06 06:21:10,901414452
353,2021-05-27 15:19:11,2021-05-27 15:19:11,111544954
461,2020-10-14 08:16:06,2020-10-14 08:16:06,739529125
387,2018-03-30 01:07:31,2018-03-30 01:07:31,499633031
21,2021-05-10 10:01:42,2021-05-10 10:01:42,479579659
851,2018-09-19 13:42:49,2018-09-19 13:42:49,157727814
316,2021-02-05 07:57:22,2021-02-05 07:57:22,910520709
362,2020-02-18 11:01:38,2020-02-18 11:01:38,981063403
274,2018-06-28 22:24:28,2018-06-28 22:24:28,375924035
694,2020-04-17 11:19:12,2020-04-17 11:19:12,830109627
105,2018-06-30 00:06:30,2018-06-30 00:06:30,811821583
807,2021-03-13 08:51:28,2021-03-13 08:51:28,671974461
763,2018-09-14 17:33:53,2018-09-14 17:33:53,421795090
424,2022-01-09 12:33:01,2022-01-09 12:33:01,346747806
896,2019-05-25 23:52:00,2019-05-25 23:52:00,937087436
923,2019-10-17 10:27:44,2019-10-17 10:27:44,659657893
67,2021-10-20 13:16:50,2021-10-20 13:16:50,538980781
757,2018-02-08 11:44:33,2018-02-08 11:44:33,921143623
468,2018-06-29 17:13:16,2018-06-29 17:13:16,767134249
214,2021-03-19 06:13:21,2021-03-19 06:13:21,900284057
665,2020-01-10 14:09:23,2020-01-10 14:09:23,729621467
320,2018-08-10 02:01:28,2018-08-10 02:01:28,1386009
697,2019-05-11 07:10:57,2019-05-11 07:10:57,53016906
118,2018-06-25 04:25:56,2018-06-25 04:25:56,254783450
591,2021-11-09 15:49:16,2021-11-09 15:49:16,449280001
289,2021-07-29 18:30:54,2021-07-29 18:30:54,222301872
593,2021-02-13 22:01:36,2021-02-13 22:01:36,613860249
308,2020-02-14 22:42:31,2020-02-14 22:42:31,209070836
321,2018-07-16 02:14:58,2018-07-16 02:14:58,900393249
731,2018-10-16 22:23:14,2018-10-16 22:23:14,4540575
912,2021-11-09 08:42:59,2021-11-09 08:42:59,225908969
53,2021-02-27 15:24:31,2021-02-27 15:24:31,483872817
386,2022-01-15 05:14:36,2022-01-15 05:14:36,102617108
398,2019-02-25 00:11:48,2019-02-25 00:11:48,484028492
549,2022-01-17 12:26:46,2022-01-17 12:26:46,245076561
345,2018-01-07 03:45:20,2018-01-07 03:45:20,170096013
926,2018-08-26 10:01:59,2018-08-26 10:01:59,751177280
240,2019-03-02 00:54:21,2019-03-02 00:54:21,441040257
633,2018-06-30 20:06:56,2018-06-30 20:06:56,612251807
459,2018-11-03 23:43:45,2018-11-03 23:43:45,893381217
278,2021-10-25 16:42:06,2021-10-25 16:42:06,930644725
799,2021-07-07 13:25:17,2021-07-07 13:25:17,257597147
882,2021-09-01 22:44:03,2021-09-01 22:44:03,949093814
673,2020-02-02 22:25:53,2020-02-02 22:25:53,162050907
66,2019-09-19 02:11:59,2019-09-19 02:11:59,865263258
100,2021-09-06 00:41:03,2021-09-06 00:41:03,612472677
428,2020-01-13 14:33:50,2020-01-13 14:33:50,741619685
663,2018-12-01 12:28:23,2018-12-01 12:28:23,850223146
289,2021-10-04 19:28:37,2021-10-04 19:28:37,947902188
809,2018-02-21 10:20:43,2018-02-21 10:20:43,597220163
32,2022-02-02 00:36:38,2022-02-02 00:36:38,117124142
305,2020-12-01 00:20:07,2020-12-01 00:20:07,968834710
876,2021-06-21 05:39:43,2021-06-21 05:39:43,408730821
206,2018-01-08 09:55:51,2018-01-08 09:55:51,979662351
958,2021-11-26 20:04:42,2021-11-26 20:04:42,675962347
715,2019-10-31 21:31:54,2019-10-31 21:31:54,359520980
170,2021-04-19 07:20:15,2021-04-19 07:20:15,385617854
767,2019-10-11 04:21:15,2019-10-11 04:21:15,838269487
160,2019-05-13 22:45:59,2019-05-13 22:45:59,898924086
715,2021-12-26 06:54:39,2021-12-26 06:54:39,951499674
430,2019-11-03 18:29:26,2019-11-03 18:29:26,474744621
37,2019-05-04 19:58:29,2019-05-04 19:58:29,442840260
891,2022-01-09 01:47:19,2022-01-09 01:47:19,667311106
820,2021-07-18 23:27:00,2021-07-18 23:27:00,901783467
181,2019-03-04 22:23:26,2019-03-04 22:23:26,89262532
174,2018-02-26 03:45:24,2018-02-26 03:45:24,299192117
505,2018-11-05 03:04:57,2018-11-05 03:04:57,46039737
141,2018-09-07 09:35:11,2018-09-07 09:35:11,543409285
156,2019-12-07 16:08:44,2019-12-07 16:08:44,280556110
620,2018-04-19 13:54:21,2018-04-19 13:54:21,19699204
285,2019-04-07 01:49:25,2019-04-07 01:49:25,975064565
170,2020-01-20 06:35:33,2020-01-20 06:35:33,523793869
364,2021-02-19 07:41:20,2021-02-19 07:41:20,716050875
181,2019-10-13 11:26:59,2019-10-13 11:26:59,875700585
585,2020-11-11 00:48:28,2020-11-11 00:48:28,575553900
450,2018-08-20 01:37:21,2018-08-20 01:37:21,475919780
222,2022-02-17 02:38:34,2022-02-17 02:38:34,6692695
564,2021-01-10 23:46:40,2021-01-10 23:46:40,233449674
71,2020-12-02 00:45:46,2020-12-02 00:45:46,880108790
409,2022-02-11 08:48:51,2022-02-11 08:48:51,646010334
193,2021-06-01 22:19:40,2021-06-01 22:19:40,332109244
34,2020-03-07 08:54:22,2020-03-07 08:54:22,840332018
616,2021-10-21 21:09:50,2021-10-21 21:09:50,379164497
77,2018-06-22 05:56:06,2018-06-22 05:56:06,888260662
499,2018-08-25 21:25:44,2018-08-25 21:25:44,687678009
792,2020-10-13 14:58:09,2020-10-13 14:58:09,177976117
270,2020-11-16 05:38:04,2020-11-16 05:38:04,868543759
674,2021-04-10 03:42:04,2021-04-10 03:42:04,281466944
750,2021-02-16 03:25:48,2021-02-16 03:25:48,591825116
537,2021-05-21 04:57:50,2021-05-21 04:57:50,820262693
571,2018-12-05 19:57:19,2018-12-05 19:57:19,297683552
101,2019-09-28 03:18:08,2019-09-28 03:18:08,529671130
429,2021-03-02 16:54:05,2021-03-02 16:54:05,677495155
72,2019-05-31 23:01:55,2019-05-31 23:01:55,968289242
581,2018-09-04 22:55:50,2018-09-04 22:55:50,627381796
620,2018-03-15 01:36:17,2018-03-15 01:36:17,132149992
810,2019-09-28 12:39:55,2019-09-28 12:39:55,927565956
887,2021-07-21 03:29:21,2021-07-21 03:29:21,496066254
333,2021-02-21 04:40:32,2021-02-21 04:40:32,797771223
460,2018-03-31 16:41:20,2018-03-31 16:41:20,215665425
184,2020-01-04 10:15:07,2020-01-04 10:15:07,205307126
213,2018-05-28 19:01:17,2018-05-28 19:01:17,303119303
596,2021-09-07 15:01:09,2021-09-07 15:01:09,699874405
881,2018-09-12 02:20:06,2018-09-12 02:20:06,981662979
386,2019-01-13 21:19:48,2019-01-13 21:19:48,54050603
215,2018-12-05 23:30:24,2018-12-05 23:30:24,745735943
910,2020-01-26 23:15:15,2020-01-26 23:15:15,497666514
2,2018-04-29 23:14:12,2018-04-29 23:14:12,295909773
829,2021-12-10 17:01:00,2021-12-10 17:01:00,55261788
858,2018-09-07 12:14:42,2018-09-07 12:14:42,992540983
934,2020-08-14 13:00:08,2020-08-14 13:00:08,249450457
645,2020-10-26 14:26:04,2020-10-26 14:26:04,536792734
373,2020-04-03 19:49:11,2020-04-03 19:49:11,74479693
932,2019-12-31 09:41:57,2019-12-31 09:41:57,308258951
5,2020-10-22 10:53:35,2020-10-22 10:53:35,294809677
157,2021-04-20 00:17:53,2021-04-20 00:17:53,980073620
786,2022-01-22 02:33:15,2022-01-22 02:33:15,201539442
795,2019-05-24 23:06:58,2019-05-24 23:06:58,297109403
830,2019-03-06 10:10:40,2019-03-06 10:10:40,426565386
123,2021-03-19 12:45:05,2021-03-19 12:45:05,698553969
351,2020-02-09 15:45:58,2020-02-09 15:45:58,769553186
616,2020-10-15 13:36:00,2020-10-15 13:36:00,954230568
770,2022-01-25 06:11:10,2022-01-25 06:11:10,526567236
274,2020-06-23 20:14:05,2020-06-23 20:14:05,866177848
389,2018-09-19 07:33:24,2018-09-19 07:33:24,614990766
608,2019-01-31 11:50:53,2019-01-31 11:50:53,819420421
662,2021-05-07 20:26:32,2021-05-07 20:26:32,687314352
347,2018-09-16 08:23:01,2018-09-16 08:23:01,537119475
752,2021-02-14 03:31:10,2021-02-14 03:31:10,8754853
840,2021-09-30 23:18:18,2021-09-30 23:18:18,940859209
478,2018-01-02 08:43:39,2018-01-02 08:43:39,675412274
43,2020-01-04 23:01:14,2020-01-04 23:01:14,599239945
338,2020-03-30 05:53:59,2020-03-30 05:53:59,621794321
328,2020-03-17 01:17:40,2020-03-17 01:17:40,210146788
374,2018-07-16 23:43:41,2018-07-16 23:43:41,75149983
161,2021-10-10 15:16:13,2021-10-10 15:16:13,758164827
809,2021-01-25 03:37:27,2021-01-25 03:37:27,742771942
787,2019-08-22 20:44:05,2019-08-22 20:44:05,258152601
498,2021-12-06 03:51:06,2021-12-06 03:51:06,588828946
355,2018-10-07 12:21:25,2018-10-07 12:21:25,919072871
634,2019-01-26 22:22:10,2019-01-26 22:22:10,376182897
59,2018-10-03 16:03:46,2018-10-03 16:03:46,885636466
893,2021-07-10 05:55:28,2021-07-10 05:55:28,572112348
465,2019-03-09 09:28:02,2019-03-09 09:28:02,580360847
916,2018-12-06 02:12:35,2018-12-06 02:12:35,334920942
691,2020-06-08 08:29:14,2020-06-08 08:29:14,563261225
11,2021-02-07 16:06:35,2021-02-07 16:06:35,290323953
731,2018-04-22 00:59:22,2018-04-22 00:59:22,327343144
420,2018-06-19 18:41:32,2018-06-19 18:41:32,748134544
724,2020-06-16 02:11:24,2020-06-16 02:11:24,196634941
426,2021-12-21 23:01:49,2021-12-21 23:01:49,529579484
325,2018-08-10 06:57:01,2018-08-10 06:57:01,776805371
333,2020-10-20 02:39:06,2020-10-20 02:39:06,346751031
343,2021-03-19 09:36:23,2021-03-19 09:36:23,694577583
981,2019-07-16 18:20:28,2019-07-16 18:20:28,898944136
880,2021-07-09 05:49:50,2021-07-09 05:49:50,162205292
483,2021-02-08 00:44:32,2021-02-08 00:44:32,773028291
771,2021-03-03 15:23:32,2021-03-03 15:23:32,295795781
856,2018-07-05 07:37:55,2018-07-05 07:37:55,951273136
233,2020-12-15 11:44:06,2020-12-15 11:44:06,779442432
664,2020-03-11 09:14:30,2020-03-11 09:14:30,868792268
785,2021-12-14 11:33:43,2021-12-14 11:33:43,55956520
898,2020-05-12 20:41:42,2020-05-12 20:41:42,983662171
699,2022-01-26 19:17:59,2022-01-26 19:17:59,262402655
901,2018-06-29 21:58:17,2018-06-29 21:58:17,475096434
337,2020-03-16 03:12:11,2020-03-16 03:12:11,792897089
969,2021-04-16 21:33:11,2021-04-16 21:33:11,122237685
340,2021-07-13 11:45:53,2021-07-13 11:45:53,828414162
848,2021-09-14 14:14:19,2021-09-14 14:14:19,591254401
781,2020-11-28 05:05:11,2020-11-28 05:05:11,332554711
776,2020-11-30 08:56:26,2020-11-30 08:56:26,992164997
569,2020-01-31 13:52:00,2020-01-31 13:52:00,668243009
108,2020-04-23 02:09:05,2020-04-23 02:09:05,748153096
948,2020-04-02 02:14:57,2020-04-02 02:14:57,554566670
150,2018-11-19 04:21:54,2018-11-19 04:21:54,730786083
170,2020-08-08 06:14:19,2020-08-08 06:14:19,156060077
776,2020-12-24 17:12:19,2020-12-24 17:12:19,967662874
214,2022-02-12 22:30:39,2022-02-12 22:30:39,711923827
345,2019-02-25 07:13:35,2019-02-25 07:13:35,27056669
317,2021-04-11 20:30:28,2021-04-11 20:30:28,175322790
143,2021-01-08 05:16:23,2021-01-08 05:16:23,251873827
457,2020-04-16 20:28:49,2020-04-16 20:28:49,639976481
734,2018-10-04 08:23:35,2018-10-04 08:23:35,951233134
84,2018-11-09 20:54:40,2018-11-09 20:54:40,718173334
259,2019-03-26 23:28:10,2019-03-26 23:28:10,854486484
30,2019-05-12 10:29:48,2019-05-12 10:29:48,461488637
548,2021-11-08 21:37:29,2021-11-08 21:37:29,659775468
437,2020-09-21 23:27:21,2020-09-21 23:27:21,520246039
885,2018-06-20 08:14:38,2018-06-20 08:14:38,431469184
532,2021-05-30 23:55:44,2021-05-30 23:55:44,922665036
15,2021-07-13 19:57:15,2021-07-13 19:57:15,267306052
647,2018-04-04 07:49:29,2018-04-04 07:49:29,602776754
756,2018-04-12 13:19:31,2018-04-12 13:19:31,24207139
258,2018-09-01 12:08:21,2018-09-01 12:08:21,468304373
356,2018-08-01 06:21:15,2018-08-01 06:21:15,955973742
123,2018-04-12 09:26:01,2018-04-12 09:26:01,709461033
917,2018-12-24 19:03:13,2018-12-24 19:03:13,95899628
739,2019-11-07 19:34:55,2019-11-07 19:34:55,197193504
212,2019-12-13 20:30:58,2019-12-13 20:30:58,75206458
421,2022-01-04 13:23:28,2022-01-04 13:23:28,712787801
922,2021-07-28 21:45:30,2021-07-28 21:45:30,74465526
69,2020-01-31 23:49:08,2020-01-31 23:49:08,447286946
80,2018-11-25 10:13:00,2018-11-25 10:13:00,476867450
856,2018-03-19 07:26:27,2018-03-19 07:26:27,829701476
598,2018-06-01 21:29:50,2018-06-01 21:29:50,853936657
628,2021-12-07 20:09:40,2021-12-07 20:09:40,614858971
535,2021-03-28 12:19:10,2021-03-28 12:19:10,479250078
159,2021-05-22 21:54:55,2021-05-22 21:54:55,111659024
982,2019-05-07 02:24:03,2019-05-07 02:24:03,152307632
470,2021-07-01 15:47:40,2021-07-01 15:47:40,950624522
846,2020-04-03 07:46:13,2020-04-03 07:46:13,324805990
311,2018-08-11 21:15:44,2018-08-11 21:15:44,562318245
343,2019-11-17 00:30:15,2019-11-17 00:30:15,592063271
416,2019-04-13 07:35:49,2019-04-13 07:35:49,283361410
524,2020-10-11 18:59:49,2020-10-11 18:59:49,575664747
704,2018-07-11 01:53:32,2018-07-11 01:53:32,974741537
432,2020-01-05 06:54:07,2020-01-05 06:54:07,214965890
687,2019-09-22 11:07:37,2019-09-22 11:07:37,490661528
854,2018-10-10 09:52:07,2018-10-10 09:52:07,290582952
928,2019-04-17 09:27:18,2019-04-17 09:27:18,342888548
269,2018-07-27 18:03:09,2018-07-27 18:03:09,794574627
287,2020-03-01 21:21:16,2020-03-01 21:21:16,68801540
216,2020-10-25 04:01:28,2020-10-25 04:01:28,992201058
46,2020-02-07 07:32:35,2020-02-07 07:32:35,148365805
984,2021-11-16 14:55:23,2021-11-16 14:55:23,744147895
534,2019-02-11 20:01:52,2019-02-11 20:01:52,32972384
956,2021-10-07 17:03:09,2021-10-07 17:03:09,916989794
879,2021-06-23 08:53:48,2021-06-23 08:53:48,459042912
357,2018-03-23 00:49:12,2018-03-23 00:49:12,425988631
67,2020-02-04 17:20:04,2020-02-04 17:20:04,790553281
503,2021-02-15 21:19:32,2021-02-15 21:19:32,559816616
626,2019-06-19 01:14:45,2019-06-19 01:14:45,596431782
157,2020-08-17 04:03:19,2020-08-17 04:03:19,725792178
100,2018-09-30 20:04:07,2018-09-30 20:04:07,334610070
225,2021-11-29 21:46:59,2021-11-29 21:46:59,251886407
54,2021-10-24 20:23:15,2021-10-24 20:23:15,478421566
238,2018-06-28 12:50:30,2018-06-28 12:50:30,149445299
440,2018-11-21 09:23:11,2018-11-21 09:23:11,964981906
452,2020-12-31 11:14:11,2020-12-31 11:14:11,351154652
969,2018-05-23 14:18:53,2018-05-23 14:18:53,104325104
45,2018-09-19 11:21:48,2018-09-19 11:21:48,527298268
980,2020-08-04 03:29:43,2020-08-04 03:29:43,885694194
89,2020-08-17 04:31:03,2020-08-17 04:31:03,939988604
560,2019-10-08 14:46:03,2019-10-08 14:46:03,277267535
242,2019-03-16 15:20:40,2019-03-16 15:20:40,423422048
309,2018-01-25 16:02:05,2018-01-25 16:02:05,431347677
672,2020-06-13 12:49:10,2020-06-13 12:49:10,411728886
389,2022-01-15 12:05:51,2022-01-15 12:05:51,838425564
301,2020-09-20 06:38:17,2020-09-20 06:38:17,218512927
586,2020-09-26 02:45:42,2020-09-26 02:45:42,461824281
496,2020-06-03 17:13:42,2020-06-03 17:13:42,9207241
835,2020-08-04 04:20:59,2020-08-04 04:20:59,162862251
161,2021-05-20 08:19:45,2021-05-20 08:19:45,875203997
887,2019-06-27 09:28:31,2019-06-27 09:28:31,55825038
399,2019-09-16 04:43:08,2019-09-16 04:43:08,261110022
223,2018-12-19 04:42:48,2018-12-19 04:42:48,642737404
969,2021-02-09 21:17:18,2021-02-09 21:17:18,989367801
259,2020-12-21 21:09:37,2020-12-21 21:09:37,920464828
624,2018-05-15 22:48:20,2018-05-15 22:48:20,286599298
430,2018-03-12 15:56:08,2018-03-12 15:56:08,707270631
521,2020-01-20 12:01:18,2020-01-20 12:01:18,466593959
461,2018-03-23 17:20:06,2018-03-23 17:20:06,486569151
78,2018-10-02 09:05:54,2018-10-02 09:05:54,811321393
451,2018-01-16 16:40:28,2018-01-16 16:40:28,845982889
63,2020-04-07 21:12:00,2020-04-07 21:12:00,20773967
645,2020-04-25 14:48:36,2020-04-25 14:48:36,366853601
590,2021-08-08 19:09:36,2021-08-08 19:09:36,348374961
821,2019-12-05 19:03:44,2019-12-05 19:03:44,612108731
529,2018-11-28 21:41:52,2018-11-28 21:41:52,777433792
700,2019-09-05 09:25:45,2019-09-05 09:25:45,388162309
515,2018-07-04 15:39:45,2018-07-04 15:39:45,286698094
67,2021-10-20 18:44:13,2021-10-20 18:44:13,152737601
704,2020-09-03 05:17:25,2020-09-03 05:17:25,843998222
519,2018-07-13 17:18:52,2018-07-13 17:18:52,869318250
275,2020-03-30 01:50:44,2020-03-30 01:50:44,735238159
903,2019-11-14 15:16:56,2019-11-14 15:16:56,682500524
989,2020-02-05 04:36:58,2020-02-05 04:36:58,62654732
489,2021-03-14 14:13:26,2021-03-14 14:13:26,254987499
401,2018-12-09 10:18:07,2018-12-09 10:18:07,9454369
381,2021-03-29 00:31:44,2021-03-29 00:31:44,236307176
187,2019-01-26 16:36:11,2019-01-26 16:36:11,686636109
36,2018-01-06 05:46:47,2018-01-06 05:46:47,740896167
977,2019-01-26 08:29:32,2019-01-26 08:29:32,374279824
901,2020-05-11 21:10:47,2020-05-11 21:10:47,580365593
358,2018-10-01 10:17:22,2018-10-01 10:17:22,155314964
841,2021-04-20 07:38:35,2021-04-20 07:38:35,883564617
226,2020-09-06 06:53:05,2020-09-06 06:53:05,645486201
445,2021-01-02 00:34:11,2021-01-02 00:34:11,246609771
236,2018-10-11 10:33:36,2018-10-11 10:33:36,970242250
355,2018-04-14 19:01:33,2018-04-14 19:01:33,76475802
30,2021-02-02 07:01:32,2021-02-02 07:01:32,496138075
700,2019-02-05 23:45:23,2019-02-05 23:45:23,225650432
198,2020-04-11 04:01:38,2020-04-11 04:01:38,326113792
683,2022-01-03 16:08:34,2022-01-03 16:08:34,323310136
298,2020-08-11 17:52:29,2020-08-11 17:52:29,434107832
42,2019-10-29 04:49:37,2019-10-29 04:49:37,716885458
705,2020-08-08 04:54:51,2020-08-08 04:54:51,667730312
865,2018-05-15 05:12:37,2018-05-15 05:12:37,277945486
908,2020-02-16 14:58:28,2020-02-16 14:58:28,298992410
589,2019-02-09 22:45:14,2019-02-09 22:45:14,669907710
869,2021-05-10 05:16:45,2021-05-10 05:16:45,780681317
690,2021-12-03 17:09:21,2021-12-03 17:09:21,7613105
768,2021-09-20 10:17:04,2021-09-20 10:17:04,954291113
659,2020-07-24 06:39:45,2020-07-24 06:39:45,14934309
97,2022-02-11 07:06:01,2022-02-11 07:06:01,221685962
921,2020-05-03 22:39:05,2020-05-03 22:39:05,171637575
696,2022-01-24 07:17:32,2022-01-24 07:17:32,631340515
970,2018-04-18 07:41:44,2018-04-18 07:41:44,807715063
795,2018-04-15 20:02:54,2018-04-15 20:02:54,349200381
191,2021-12-20 14:12:29,2021-12-20 14:12:29,279880892
665,2020-08-03 12:03:16,2020-08-03 12:03:16,723751219
722,2018-03-25 20:14:49,2018-03-25 20:14:49,119645200
254,2021-03-19 09:31:02,2021-03-19 09:31:02,440454113
722,2021-07-22 09:36:36,2021-07-22 09:36:36,927029772
220,2018-12-11 18:36:10,2018-12-11 18:36:10,350262795
544,2021-08-22 17:29:48,2021-08-22 17:29:48,418694609
488,2018-04-21 08:47:41,2018-04-21 08:47:41,156021782
753,2020-05-21 12:54:12,2020-05-21 12:54:12,93717383
360,2019-08-19 16:33:34,2019-08-19 16:33:34,303815380
861,2018-11-16 20:18:30,2018-11-16 20:18:30,536523690
515,2020-08-18 12:51:05,2020-08-18 12:51:05,304456474
793,2018-12-30 06:46:54,2018-12-30 06:46:54,322359906
38,2019-03-05 14:53:57,2019-03-05 14:53:57,539710475
532,2020-10-27 16:45:52,2020-10-27 16:45:52,46224206
845,2021-10-07 05:47:12,2021-10-07 05:47:12,898345709
936,2022-02-05 09:12:38,2022-02-05 09:12:38,695605379
864,2021-07-11 13:28:33,2021-07-11 13:28:33,140066800
356,2021-01-24 05:34:01,2021-01-24 05:34:01,152053512
89,2021-10-17 06:26:18,2021-10-17 06:26:18,896129552
964,2018-11-11 23:10:52,2018-11-11 23:10:52,321230616
795,2019-06-06 23:34:40,2019-06-06 23:34:40,290920269
882,2019-02-10 23:06:25,2019-02-10 23:06:25,499167648
272,2019-09-03 09:58:56,2019-09-03 09:58:56,534289966
538,2021-12-04 15:11:06,2021-12-04 15:11:06,940905421
985,2020-09-24 03:10:26,2020-09-24 03:10:26,30999130
67,2019-03-20 05:51:03,2019-03-20 05:51:03,713132466
737,2021-01-09 07:34:27,2021-01-09 07:34:27,371032799
497,2018-08-06 13:54:34,2018-08-06 13:54:34,896143992
694,2018-04-08 08:57:38,2018-04-08 08:57:38,502990888
493,2019-01-11 18:57:02,2019-01-11 18:57:02,980150627
569,2018-02-19 03:02:48,2018-02-19 03:02:48,897088929
423,2019-11-26 06:32:14,2019-11-26 06:32:14,341848123
717,2021-01-26 10:49:57,2021-01-26 10:49:57,664159366
956,2021-02-19 02:51:45,2021-02-19 02:51:45,80422394
240,2021-06-14 19:52:34,2021-06-14 19:52:34,130457
2,2021-03-02 14:25:24,2021-03-02 14:25:24,819347917
308,2018-07-02 20:16:27,2018-07-02 20:16:27,402738300
120,2018-08-13 19:30:47,2018-08-13 19:30:47,804696554
883,2019-01-15 15:54:00,2019-01-15 15:54:00,592086614
161,2020-10-16 23:47:51,2020-10-16 23:47:51,698821352
876,2019-04-29 00:46:46,2019-04-29 00:46:46,46146817
136,2018-10-02 08:13:05,2018-10-02 08:13:05,878968535
844,2018-05-21 12:52:27,2018-05-21 12:52:27,922985988
915,2018-10-17 11:13:15,2018-10-17 11:13:15,757663829
91,2021-11-16 06:08:16,2021-11-16 06:08:16,933539931
843,2019-11-18 06:31:10,2019-11-18 06:31:10,990280434
50,2019-07-16 19:22:24,2019-07-16 19:22:24,204482515
835,2020-07-12 00:21:39,2020-07-12 00:21:39,418282316
126,2018-08-07 14:22:45,2018-08-07 14:22:45,894576322
392,2018-07-07 16:23:32,2018-07-07 16:23:32,121342314
77,2021-03-27 15:30:38,2021-03-27 15:30:38,88393648
543,2020-12-24 15:42:33,2020-12-24 15:42:33,449021133
324,2021-03-17 03:48:14,2021-03-17 03:48:14,40917566
989,2019-01-31 13:16:28,2019-01-31 13:16:28,580973642
589,2018-10-29 17:08:02,2018-10-29 17:08:02,563564014
957,2019-10-10 10:46:41,2019-10-10 10:46:41,659956743
837,2021-10-14 11:52:28,2021-10-14 11:52:28,557803901
839,2020-06-10 07:26:08,2020-06-10 07:26:08,525661275
541,2018-04-08 02:42:14,2018-04-08 02:42:14,489713425
239,2020-07-24 20:50:07,2020-07-24 20:50:07,28541415
39,2018-10-14 00:10:54,2018-10-14 00:10:54,136132551
35,2018-11-04 17:13:05,2018-11-04 17:13:05,399619920
84,2020-05-13 10:47:41,2020-05-13 10:47:41,754778669
143,2022-02-16 20:53:01,2022-02-16 20:53:01,456582193
625,2019-01-26 21:46:37,2019-01-26 21:46:37,533326345
312,2018-09-17 09:05:48,2018-09-17 09:05:48,745264599
166,2018-06-04 05:36:58,2018-06-04 05:36:58,717778491
866,2019-08-25 08:02:18,2019-08-25 08:02:18,131856710
195,2020-08-14 09:27:38,2020-08-14 09:27:38,805510692
643,2022-02-16 21:58:50,2022-02-16 21:58:50,597824745
625,2018-09-26 22:06:08,2018-09-26 22:06:08,827630221
392,2019-07-27 03:20:48,2019-07-27 03:20:48,188355241
903,2018-07-01 19:23:54,2018-07-01 19:23:54,982205651
368,2022-01-14 13:50:19,2022-01-14 13:50:19,691091555
25,2019-07-16 02:48:39,2019-07-16 02:48:39,168881807
252,2021-10-12 11:55:12,2021-10-12 11:55:12,343648965
961,2021-02-21 05:35:16,2021-02-21 05:35:16,741581781
507,2020-06-02 21:47:18,2020-06-02 21:47:18,296157629
232,2018-07-20 01:36:50,2018-07-20 01:36:50,431736329
416,2020-11-21 09:17:08,2020-11-21 09:17:08,788921799
836,2018-12-12 12:52:30,2018-12-12 12:52:30,828281529
167,2020-06-21 16:15:02,2020-06-21 16:15:02,727243094
34,2021-02-08 18:15:53,2021-02-08 18:15:53,770170713
884,2018-08-29 02:57:46,2018-08-29 02:57:46,941534164
690,2021-01-19 17:48:06,2021-01-19 17:48:06,407817370
386,2018-01-21 03:52:51,2018-01-21 03:52:51,265348642
835,2021-02-19 17:56:29,2021-02-19 17:56:29,79609329
682,2018-05-19 05:45:37,2018-05-19 05:45:37,336026493
185,2018-11-25 14:47:34,2018-11-25 14:47:34,925978031
346,2020-03-15 14:43:30,2020-03-15 14:43:30,658545718
615,2018-01-19 09:24:22,2018-01-19 09:24:22,491657558
514,2021-03-06 08:37:59,2021-03-06 08:37:59,984495553
121,2021-08-16 10:01:22,2021-08-16 10:01:22,498040447
851,2019-10-27 08:01:59,2019-10-27 08:01:59,40829008
6,2021-05-28 00:11:18,2021-05-28 00:11:18,997768082
705,2020-04-29 06:03:37,2020-04-29 06:03:37,472557667
22,2021-10-30 03:01:05,2021-10-30 03:01:05,692301555
44,2019-05-28 12:16:57,2019-05-28 12:16:57,575783854
998,2018-11-29 18:00:32,2018-11-29 18:00:32,732058771
804,2020-05-11 16:13:56,2020-05-11 16:13:56,890573246
226,2019-02-16 23:41:26,2019-02-16 23:41:26,992953711
755,2020-09-06 12:44:25,2020-09-06 12:44:25,878191281
961,2021-10-20 23:30:59,2021-10-20 23:30:59,618378635
20,2021-05-07 22:20:59,2021-05-07 22:20:59,135854825
129,2021-04-03 11:47:18,2021-04-03 11:47:18,165953215
686,2018-10-14 05:54:44,2018-10-14 05:54:44,98701281
973,2018-10-03 08:29:20,2018-10-03 08:29:20,456297109
797,2018-11-21 11:51:39,2018-11-21 11:51:39,592768728
392,2019-05-07 13:52:23,2019-05-07 13:52:23,356144900
558,2018-12-06 05:27:12,2018-12-06 05:27:12,773877882
813,2018-01-19 09:07:28,2018-01-19 09:07:28,485568162
429,2020-09-21 21:35:17,2020-09-21 21:35:17,949600272
923,2020-02-18 02:07:52,2020-02-18 02:07:52,680143792
32,2021-08-23 20:06:29,2021-08-23 20:06:29,84216525
463,2020-08-14 12:21:57,2020-08-14 12:21:57,488907800
408,2021-11-26 00:21:29,2021-11-26 00:21:29,202948489
14,2018-08-22 21:56:29,2018-08-22 21:56:29,528241888
617,2018-08-13 22:04:34,2018-08-13 22:04:34,898950117
142,2018-03-15 11:12:51,2018-03-15 11:12:51,165670842
909,2019-12-25 21:26:00,2019-12-25 21:26:00,969458699
773,2020-12-01 22:53:52,2020-12-01 22:53:52,44741589
606,2020-10-05 08:19:03,2020-10-05 08:19:03,351545674
363,2020-07-31 05:26:51,2020-07-31 05:26:51,711493318
709,2020-01-31 22:44:15,2020-01-31 22:44:15,275005700
160,2018-05-19 13:06:58,2018-05-19 13:06:58,155562592
808,2018-02-14 12:21:16,2018-02-14 12:21:16,333717474
737,2021-08-17 23:04:57,2021-08-17 23:04:57,472369588
532,2018-09-10 00:46:34,2018-09-10 00:46:34,682953883
913,2018-09-30 00:22:33,2018-09-30 00:22:33,22196719
132,2019-10-04 08:06:59,2019-10-04 08:06:59,736381755
836,2021-01-16 04:36:46,2021-01-16 04:36:46,334594206
427,2018-10-06 13:28:52,2018-10-06 13:28:52,554986567
570,2019-07-04 03:44:17,2019-07-04 03:44:17,599637877
290,2020-04-26 22:37:35,2020-04-26 22:37:35,952799073
45,2019-08-10 07:24:36,2019-08-10 07:24:36,201033045
651,2019-10-20 17:36:46,2019-10-20 17:36:46,495776128
669,2019-10-24 15:55:19,2019-10-24 15:55:19,776262592
102,2020-10-07 23:26:51,2020-10-07 23:26:51,12921733
472,2019-11-09 10:09:50,2019-11-09 10:09:50,809320900
70,2018-08-04 08:13:13,2018-08-04 08:13:13,504207176
740,2019-12-04 21:25:50,2019-12-04 21:25:50,975962115
945,2018-06-22 23:49:57,2018-06-22 23:49:57,852010226
388,2020-03-26 16:46:23,2020-03-26 16:46:23,508897805
992,2021-04-14 10:52:16,2021-04-14 10:52:16,756971940
423,2020-01-19 18:28:37,2020-01-19 18:28:37,483621851
680,2019-06-08 09:34:18,2019-06-08 09:34:18,976725241
839,2020-05-22 14:29:51,2020-05-22 14:29:51,710166881
870,2021-04-17 13:23:39,2021-04-17 13:23:39,14954418
565,2018-09-29 23:24:55,2018-09-29 23:24:55,662667281
850,2021-03-05 22:20:47,2021-03-05 22:20:47,450502544
877,2019-11-23 20:11:26,2019-11-23 20:11:26,940015193
519,2020-04-01 06:09:19,2020-04-01 06:09:19,370476836
293,2021-07-07 01:37:19,2021-07-07 01:37:19,642180791
2,2021-01-26 11:14:17,2021-01-26 11:14:17,977572944
483,2021-12-12 05:27:42,2021-12-12 05:27:42,387627802
29,2018-07-06 16:32:19,2018-07-06 16:32:19,643793093
982,2021-05-03 22:29:42,2021-05-03 22:29:42,886328798
26,2019-04-19 05:18:26,2019-04-19 05:18:26,741475530
98,2018-11-12 20:02:31,2018-11-12 20:02:31,975353402
339,2018-04-01 07:13:49,2018-04-01 07:13:49,99055788
46,2021-05-15 13:18:49,2021-05-15 13:18:49,312432743
802,2021-02-02 18:20:10,2021-02-02 18:20:10,82975688
906,2020-08-06 04:36:09,2020-08-06 04:36:09,203777070
955,2018-06-18 23:22:42,2018-06-18 23:22:42,225450350
201,2021-05-13 05:45:22,2021-05-13 05:45:22,290991910
670,2020-04-05 20:36:12,2020-04-05 20:36:12,324534490
631,2019-10-10 16:25:46,2019-10-10 16:25:46,397055180
972,2019-09-26 22:03:51,2019-09-26 22:03:51,655071880
449,2018-11-16 20:02:56,2018-11-16 20:02:56,767964886
618,2018-05-07 14:25:47,2018-05-07 14:25:47,918256588
113,2022-02-04 08:29:12,2022-02-04 08:29:12,888228985
164,2021-02-09 18:32:39,2021-02-09 18:32:39,110914900
139,2019-04-07 03:38:08,2019-04-07 03:38:08,991023269
556,2022-01-12 05:49:07,2022-01-12 05:49:07,905784769
178,2021-01-20 04:04:43,2021-01-20 04:04:43,73937946
92,2020-10-23 06:38:06,2020-10-23 06:38:06,483148613
709,2018-04-27 04:43:47,2018-04-27 04:43:47,332399904
341,2019-09-01 18:42:15,2019-09-01 18:42:15,615001732
740,2021-09-08 14:32:02,2021-09-08 14:32:02,10468620
648,2019-10-17 01:15:01,2019-10-17 01:15:01,991389694
459,2021-02-28 03:52:12,2021-02-28 03:52:12,454659281
843,2021-07-28 23:05:32,2021-07-28 23:05:32,796721875
734,2018-06-07 03:50:51,2018-06-07 03:50:51,373481694
707,2021-10-09 18:33:58,2021-10-09 18:33:58,338973976
999,2020-02-16 13:39:25,2020-02-16 13:39:25,234475332
536,2018-10-11 14:39:10,2018-10-11 14:39:10,902031635
836,2019-12-24 01:56:02,2019-12-24 01:56:02,492002009
139,2021-08-25 12:11:22,2021-08-25 12:11:22,751277845
223,2020-07-11 21:53:14,2020-07-11 21:53:14,226501968
125,2018-10-09 15:47:33,2018-10-09 15:47:33,917770402
865,2020-05-06 18:21:05,2020-05-06 18:21:05,144536631
251,2018-07-09 20:57:53,2018-07-09 20:57:53,49918723
182,2020-07-14 18:24:58,2020-07-14 18:24:58,449360840
269,2020-05-01 22:41:24,2020-05-01 22:41:24,120113297
211,2019-02-08 22:55:18,2019-02-08 22:55:18,751503528
12,2020-02-19 15:19:01,2020-02-19 15:19:01,216347729
946,2018-05-08 13:37:59,2018-05-08 13:37:59,981079754
66,2020-03-08 00:59:25,2020-03-08 00:59:25,234007696
310,2020-10-06 08:19:29,2020-10-06 08:19:29,999011218
769,2018-06-16 15:59:42,2018-06-16 15:59:42,327045554
597,2019-05-12 15:59:14,2019-05-12 15:59:14,877808822
772,2021-07-19 18:08:30,2021-07-19 18:08:30,456500528
814,2020-01-11 08:55:05,2020-01-11 08:55:05,566446911
306,2021-05-14 02:39:36,2021-05-14 02:39:36,936285620
753,2018-09-13 17:08:02,2018-09-13 17:08:02,996181684
813,2019-08-24 00:29:08,2019-08-24 00:29:08,99482115
784,2021-12-18 16:06:33,2021-12-18 16:06:33,696466994
219,2021-07-27 20:21:57,2021-07-27 20:21:57,671495432
251,2019-04-14 00:40:47,2019-04-14 00:40:47,256791676
687,2020-03-03 03:43:10,2020-03-03 03:43:10,338964658
933,2021-02-08 23:47:02,2021-02-08 23:47:02,143327717
661,2018-07-17 17:23:59,2018-07-17 17:23:59,443674092
871,2019-07-03 07:06:54,2019-07-03 07:06:54,103244861
720,2020-01-23 08:43:05,2020-01-23 08:43:05,862118486
